"Date","Value","Open","High","Low","Close","Volume","normalized_rates"
2018-09-07,6.25,932.12,945.59,931.19,945.59,46814260,1565.29
2018-09-10,6.25,945.59,948.31,942.68,943.31,50012320,1565.29
2018-09-11,6.25,943.31,959.09,940.78,958.91,47924060,1565.29
2018-09-12,6.25,958.91,967.78,958.67,958.67,55984740,1565.29
2018-09-13,6.25,958.67,963.72,955.64,957.17,48964120,1565.29
2018-09-14,6.25,957.17,963.5,957.17,960.6,13240120,1565.29
2018-09-17,6.25,958.78,960.94,951.38,953.79,43725890,1565.29
2018-09-18,6.25,949.32,959.75,945.93,959.75,58886410,1565.29
2018-09-19,6.25,959.75,969.34,959.75,962.7,66978840,1565.29
2018-09-20,6.25,962.7,971.48,962.26,971.18,56330910,1565.29
2018-09-21,6.25,971.18,978.77,968.73,974.43,117096540,1565.29
2018-09-24,6.25,974.43,986.3,974.43,985.59,55248400,1565.29
2018-09-25,6.25,985.59,988.23,980.44,985.11,53103760,1565.29
2018-09-26,6.25,985.11,989.54,980.8,984.39,60311360,1565.29
2018-09-27,6.25,984.39,992.1,984.15,989.45,51372600,1565.29
2018-09-28,6.25,989.45,996.6,989.45,994.73,89440260,1565.29
2018-10-01,6.25,994.73,1001.14,990,990.41,81255010,1565.29
2018-10-02,6.25,990.41,992.77,984.54,987.88,66203650,1565.29
2018-10-03,6.25,987.88,992.87,986.16,990.6,57100270,1565.29
2018-10-04,6.25,990.6,993.78,989.06,993.61,74038630,1565.29
2018-10-05,6.25,993.61,993.61,980.75,980.75,74563800,1565.29
2018-10-08,6.25,980.75,980.75,968.61,970.28,71307590,1565.29
2018-10-09,6.25,970.28,974.29,966.68,967.37,63817220,1565.29
2018-10-10,6.25,967.37,970.51,961.7,966.27,63521280,1565.29
2018-10-11,6.25,966.27,966.27,911.69,920.02,136876030,1565.29
2018-10-12,6.25,920.02,943.73,908.74,943.49,78654890,1565.29
2018-10-15,6.25,943.49,943.62,927.6,928.55,41833000,1565.29
2018-10-16,6.25,928.55,939.41,926.96,939.41,42663640,1565.29
2018-10-17,6.25,939.41,949.41,939.41,947.46,15230120,1565.29
2018-10-18,6.25,945.91,945.92,936.22,937.54,45079700,1565.29
2018-10-19,6.25,937.54,937.54,920.28,931.69,47143040,1565.29
2018-10-22,6.25,931.69,938.02,922.75,922.75,41144780,1565.29
2018-10-23,6.25,908,919.49,893.34,908,72791480,1565.29
2018-10-24,6.25,908,909.4,896.5,896.5,48110900,1565.29
2018-10-25,6.25,896.5,896.5,860.13,888.86,56983320,1565.29
2018-10-26,6.25,888.86,897.48,881.06,881.06,45672420,1565.29
2018-10-29,6.25,881.06,881.87,870.36,874.43,41645700,1565.29
2018-10-30,6.25,874.43,881.83,868.29,874.06,37875270,1565.29
2018-10-31,6.25,874.06,901.93,874.06,901.57,60484190,1565.29
2018-11-01,6.25,901.57,901.57,885.58,887.72,39445040,1565.29
2018-11-02,6.25,887.72,905.65,887.72,903.43,55629860,1565.29
2018-11-05,6.25,903.43,904.83,894.88,904.83,33823220,1565.29
2018-11-06,6.25,905.34,909.19,899.61,899.61,37075370,1565.29
2018-11-07,6.25,899.61,903.15,892.79,899.25,45544000,1565.29
2018-11-08,6.25,899.25,909.69,899.25,900.4,31118060,1565.29
2018-11-09,6.25,900.4,900.4,885.65,885.65,38609740,1565.29
2018-11-12,6.25,885.65,889.06,875.29,888.2,33821800,1565.29
2018-11-13,6.25,888.2,888.2,873.87,873.87,39563470,1565.29
2018-11-14,6.25,873.87,880.65,868.63,871.55,46154090,1565.29
2018-11-15,6.25,871.55,874.87,859.86,864.98,42382820,1565.29
2018-11-16,6.25,864.98,874.94,863.89,869.24,40658870,1565.29
2018-11-19,6.25,869.24,879.98,869.24,878.72,12883850,1565.29
2018-11-20,6.25,888.76,893.09,883.8,893.09,43543750,1565.29
2018-11-21,6.25,893.09,897.1,880.83,897.1,38917250,1565.29
2018-11-22,6.25,897.28,900.77,896.18,898.9,39224680,1565.29
2018-11-23,6.25,898.9,899.37,889.78,890.62,37254570,1565.29
2018-11-26,6.25,890.62,896.12,886.76,895.05,25039270,1565.29
2018-11-27,6.25,895.07,903.78,893.96,895.3,32748380,1565.29
2018-11-28,6.25,895.3,901.4,894.27,901.4,29503510,1565.29
2018-11-29,6.25,901.4,910.48,897.58,897.58,40276100,1565.29
2018-11-30,6.25,897.58,898.69,890.41,894.79,54625390,1565.29
2018-12-03,6.25,894.79,921.72,894.79,921.72,63629050,1565.29
2018-12-04,6.25,921.72,929.33,920.2,927.46,52507190,1565.29
2018-12-05,6.25,927.39,928.9,915.9,925.68,61081880,1565.29
2018-12-06,6.25,925.68,928.64,916.63,922.86,55213240,1565.29
2018-12-07,6.25,922.86,933.29,922.86,929.59,51431880,1565.29
2018-12-10,6.25,928.96,929.59,921.59,922.82,48776970,1565.29
2018-12-11,6.25,922.82,925.43,915.68,922.34,43565480,1565.29
2018-12-12,6.25,922.43,927.7,922.34,927.7,37560590,1565.29
2018-12-13,6.25,928.21,935.33,927.7,928.9,46592070,1565.29
2018-12-14,6.25,928.9,928.9,918.19,918.79,48405980,1565.29
2018-12-17,6.25,918.79,918.79,901.33,901.41,47291390,1565.29
2018-12-18,6.25,901.41,901.41,881.76,890.68,52306770,1565.29
2018-12-19,6.25,890.68,891.69,877.63,882.79,52148460,1565.29
2018-12-20,6.25,879.84,883.76,876.15,877.03,38045070,1565.29
2018-12-21,6.25,870.42,877.02,866.09,873.09,45669710,1565.29
2018-12-24,6.25,874.41,879.74,872.99,873.64,31104560,1565.29
2018-12-25,6.25,858.41,873.56,850.33,865.69,51475970,1565.29
2018-12-26,6.25,864.99,867.88,860.52,861.02,32704590,1565.29
2018-12-27,6.25,861.02,872.73,861.02,865.45,35751060,1565.29
2018-12-28,6.25,865.45,868.62,854.99,854.99,38254570,1565.29
2019-01-02,6.25,854.99,864.64,852.79,855.66,34100240,1565.29
2019-01-03,6.25,855.66,856.21,834.81,838.79,50053420,1565.29
2019-01-04,6.25,838.79,842.05,821.83,840.17,37439840,1565.29
2019-01-07,6.25,840.17,858.69,840.17,851.41,30671600,1565.29
2019-01-08,6.25,851.41,852.92,841.86,845.43,27923540,1565.29
2019-01-09,6.25,845.43,856.87,845.25,855.51,37200330,1565.29
2019-01-10,6.25,855.51,859.93,852.96,857.95,32827000,1565.29
2019-01-11,6.25,857.95,862.88,857.67,860.3,34662900,1565.29
2019-01-14,6.25,860.4,860.4,854.71,859.42,32413030,1565.29
2019-01-15,6.25,859.42,865.26,856.04,865.1,33588140,1565.29
2019-01-16,6.25,865.1,868.41,861.18,864.29,33032340,1565.29
2019-01-17,6.25,864.29,864.29,853.34,853.34,31743610,1565.29
2019-01-18,6.25,853.34,859.95,853.34,854.79,28302650,1565.29
2019-01-21,6.25,854.79,865.59,854.79,864.1,46174530,1565.29
2019-01-22,6.25,864.45,865.92,859.09,859.17,36096510,1565.29
2019-01-23,6.25,859.26,864.83,856.77,861.73,35615120,1565.29
2019-01-24,6.25,861.63,866.49,861.04,865.52,35100380,1565.29
2019-01-25,6.25,865.44,869.53,865.44,867.7,34851070,1565.29
2019-01-28,6.25,867.6,871.56,865.9,868.76,24718870,1565.29
2019-01-29,6.25,868.81,872.03,863.22,872.03,30044560,1565.29
2019-01-30,6.25,872.01,872.01,867.92,869.16,33258320,1565.29
2019-01-31,6.25,869.38,874.09,863.85,866.06,46946380,1565.29
2019-02-01,6.25,866.01,868.15,859.38,859.81,41898560,1565.29
2019-02-11,6.25,862.2,878.67,862.2,878.67,39935410,1565.29
2019-02-12,6.25,878.69,890.16,878.68,888.33,62154530,1565.29
2019-02-13,6.25,887.6,897.42,887.6,897.42,65644140,1565.29
2019-02-14,6.25,897.88,904.11,897.3,900.12,50274750,1565.29
2019-02-15,6.25,900.14,903.11,895.13,897.74,50970670,1565.29
2019-02-18,6.25,899.75,904.93,899.74,904.93,51220040,1565.29
2019-02-19,6.25,905.09,915.31,905.09,907.82,78092810,1565.29
2019-02-20,6.25,907.31,913.51,906.64,911.8,53104240,1565.29
2019-02-21,6.25,912.83,926.09,911.38,926.09,63245360,1565.29
2019-02-22,6.25,926.3,934.65,920.78,929.5,74937950,1565.29
2019-02-25,6.25,929.57,944.01,929.5,939.47,68474130,1565.29
2019-02-26,6.25,939.56,941.45,922.93,929.51,58439700,1565.29
2019-02-27,6.25,929.78,935.76,928.59,930.54,54958520,1565.29
2019-02-28,6.25,930.37,930.81,904.98,904.98,71562220,1565.29
2019-03-01,6.25,904.96,915.99,904.96,915.32,39636310,1565.29
2019-03-04,6.25,915.39,929.28,915.39,928.42,51481790,1565.29
2019-03-05,6.25,928.25,931.23,922.05,923.66,56228360,1565.29
2019-03-06,6.25,923.71,926.32,916.89,923.58,36434210,1565.29
2019-03-07,6.25,923.77,930.79,922.29,922.29,51391120,1565.29
2019-03-08,6.25,922.16,922.16,913.39,914.74,41836570,1565.29
2019-03-11,6.25,915,918.73,911.88,916.24,32014260,1565.29
2019-03-12,6.25,919.21,929.86,919.21,929.86,179328720,1565.29
2019-03-13,6.25,929.93,939.17,929.93,935.41,72240930,1565.29
2019-03-14,6.25,935.72,937.82,931.33,934.42,51531570,1565.29
2019-03-15,6.25,934.87,934.87,924.45,927.06,72931340,1565.29
2019-03-18,6.25,927.16,935.16,926.85,932.75,61794930,1565.29
2019-03-19,6.25,933.56,935.67,924.91,927.56,56478250,1565.29
2019-03-20,6.25,927.54,927.54,914.77,924.12,59408870,1565.29
2019-03-21,6.25,924.22,928.32,907.87,907.87,53919570,1565.29
2019-03-22,6.25,907.94,914.69,906.64,912.27,46663850,1565.29
2019-03-25,6.25,912.1,912.1,889.17,893.4,53507330,1565.29
2019-03-26,6.25,893.78,901.81,892.47,894.58,38004810,1565.29
2019-03-27,6.25,895.71,903.35,895.71,901.76,32702110,1565.29
2019-03-28,6.25,901.51,903.88,898.17,901.65,31095800,1565.29
2019-03-29,6.25,901.64,906.84,900.13,900.13,45013980,1565.29
2019-04-01,6.25,900.17,905.94,900.17,905.87,40144870,1565.29
2019-04-02,6.25,907.18,912.94,902.43,903.59,35223770,1565.29
2019-04-03,6.25,902.71,903.05,897.47,901.5,34513830,1565.29
2019-04-04,6.25,902.07,906.29,900.97,904.33,32078960,1565.29
2019-04-05,6.25,904.61,905.76,902.77,904.69,30171520,1565.29
2019-04-08,6.25,904.92,907.2,900.97,906.55,33275430,1565.29
2019-04-09,6.25,906.46,908.94,898.8,900.07,42510820,1565.29
2019-04-10,6.25,899.91,899.91,887.75,893.19,34637240,1565.29
2019-04-11,6.25,893.6,896.68,892.62,896.04,24748350,1565.29
2019-04-12,6.25,895.95,895.95,891.71,893.1,27813000,1565.29
2019-04-16,6.25,890.81,890.81,877.38,887.76,36537920,1565.29
2019-04-17,6.25,886.65,891.78,885.64,885.66,34638940,1565.29
2019-04-18,6.25,884.29,887.48,876.2,877.02,39355710,1565.29
2019-04-19,6.25,877.07,884.77,877.07,880.52,26150620,1565.29
2019-04-22,6.25,880.9,880.9,873.55,878.23,34285820,1565.29
2019-04-23,6.25,878.38,881.67,875.05,878.29,37895280,1565.29
2019-04-24,6.25,877.97,889.02,877.97,888.65,35004620,1565.29
2019-04-25,6.25,888.57,888.91,883.72,885.65,29184040,1565.29
2019-04-26,6.25,885.47,890.69,882.58,890.55,34567810,1565.29
2019-05-02,6.25,890.6,893.89,889.61,893.87,36439930,1565.29
2019-05-03,6.25,893.8,895.7,889.2,895.42,47857200,1565.29
2019-05-06,6.25,893.83,893.83,875.71,878.8,41223290,1565.29
2019-05-07,6.25,880.06,885.23,876.18,877.02,36430910,1565.29
2019-05-08,6.25,872.22,874.89,867.18,872.78,38545850,1565.29
2019-05-09,6.25,872.71,875.89,868.73,871.5,39316830,1565.29
2019-05-10,6.25,871.28,877.59,871.28,876.45,34857290,1565.29
2019-05-13,6.25,876.16,879.64,874.68,879.64,37914590,1565.29
2019-05-14,6.25,879.14,882.67,871.96,882.67,39065320,1565.29
2019-05-15,6.25,882.99,893.68,882.99,893.22,46181060,1565.29
2019-05-16,6.25,893.7,896.34,891.93,891.93,39252920,1565.29
2019-05-17,6.25,892.93,893.44,888.56,890.53,40028260,1565.29
2019-05-20,6.25,890.16,901.06,888.12,901.06,42542890,1565.29
2019-05-21,6.25,901.79,907.64,900.97,901.36,43008810,1565.29
2019-05-22,6.25,901.49,906.99,897.27,897.66,43386130,1565.29
2019-05-23,6.25,897.5,899.02,892.08,895.07,30514000,1565.29
2019-05-24,6.25,894.22,898.24,884.48,884.48,44872700,1565.29
2019-05-27,6.25,884.29,889.45,883.95,889.2,29654840,1565.29
2019-05-28,6.25,888.8,891.61,883.53,885.27,29654840,1565.29
2019-05-29,6.25,886.12,886.98,882,883.52,33829930,1565.29
2019-05-30,6.25,883.51,888.68,879.58,883.37,29873700,1565.29
2019-05-31,6.25,883.39,884.75,875.77,876.29,34297640,1565.29
2019-06-03,6.25,875.64,875.64,858.64,864.08,51473370,1565.29
2019-06-04,6.25,864.27,868.67,857.94,864.35,32528920,1565.29
2019-06-05,6.25,866.79,871.91,863.69,863.69,27109050,1565.29
2019-06-06,6.25,863.81,865.16,851.47,861.31,38238280,1565.29
2019-06-07,6.25,860.64,869.56,860.64,869.56,33454350,1565.29
2019-06-10,6.25,869.68,877.45,866.79,872.49,44465190,1565.29
2019-06-11,6.25,872.53,874.32,870,870.91,29455250,1565.29
2019-06-12,6.25,870.48,871.64,865.42,865.42,32449060,1565.29
2019-06-13,6.25,865.29,865.29,857.72,859.68,32318410,1565.29
2019-06-14,6.25,859.53,864.29,859.08,861.65,34401390,1565.29
2019-06-17,6.25,861.37,862.36,851.14,852.99,40074050,1565.29
2019-06-18,6.25,852.62,853.95,845.4,848.17,42999880,1565.29
2019-06-19,6.25,850.34,854.81,850.34,854.34,39852300,1565.29
2019-06-20,6.25,854.9,867.91,853.96,864.59,53355700,1565.29
2019-06-21,6.25,864.44,870.35,864.44,866.53,72303640,1565.29
2019-06-24,6.25,866.63,873.33,866.63,868.94,40701190,1565.29
2019-06-25,6.25,867.73,870.7,866.25,868.5,38482520,1565.29
2019-06-26,6.25,868.16,870.52,865.67,866.81,41570560,1565.29
2019-06-27,6.25,866.84,867.08,854.41,854.41,44966190,1565.29
2019-06-28,6.25,854.49,864.24,847.77,864.24,43760910,1565.29
2019-07-01,6.25,864.26,876.39,864.26,876.26,49225200,1565.29
2019-07-02,6.25,876.27,877.08,870.71,872.92,38741880,1565.29
2019-07-03,6.25,872.77,872.77,865.59,869.58,42594210,1565.29
2019-07-04,6.25,870.03,879.72,870.03,879.72,49311640,1565.29
2019-07-05,6.25,879.49,882.19,876.28,880.23,41267320,1565.29
2019-07-08,6.25,878.96,878.96,867.35,870.92,44396550,1565.29
2019-07-09,6.25,871.19,872.52,86.32,872.21,41064380,1565.29
2019-07-10,6.25,872.2,878.32,872.2,876.12,41858640,1565.29
2019-07-11,6.25,877.86,880.88,876.69,879.1,39213260,1565.29
2019-07-12,6.25,880.06,883.15,874.56,874.99,46827980,1565.29
2019-07-15,6.25,875.28,876.82,870.84,873.71,42053110,1565.29
2019-07-16,6.25,873.74,880.91,873.74,880.91,48665170,1565.29
2019-07-17,6.25,880.69,882.85,877.59,879.75,59853640,1565.29
2019-07-18,6.25,879.66,879.66,870.81,870.81,44968100,1565.29
2019-07-19,6.25,870.97,881.16,870.97,880.79,63926250,1565.29
2019-07-22,6.25,880.49,885.42,878.39,879.62,48837900,1565.29
2019-07-23,6.25,879.42,889.04,878.22,888.26,48223670,1565.29
2019-07-24,6.25,888.63,892.81,885.66,887.39,46413440,1565.29
2019-07-25,6.25,887.43,892.31,885.19,890.41,54563440,1565.29
2019-07-26,6.25,890.44,891.9,886.09,887.84,45307890,1565.29
2019-07-29,6.25,887.96,889.97,880.92,888.54,44918580,1565.29
2019-07-30,6.25,888.7,892.38,877.92,877.92,44932360,1565.29
2019-07-31,6.25,877.8,885.86,874.39,883.19,43400530,1565.29
2019-08-01,6.25,884.29,887.39,881.52,887.39,41754860,1565.29
2019-08-02,6.25,887.06,887.06,877.76,885.29,54739360,1565.29
2019-08-05,6.25,883.34,884.09,872.39,872.39,53465930,1565.29
2019-08-06,6.25,870.82,870.82,858.02,866.13,52907240,1565.29
2019-08-07,6.25,866.76,872.05,863.57,868.27,40017410,1565.29
2019-08-08,6.25,868.2,877.32,866.69,875.81,58877170,1565.29
2019-08-09,6.25,876.5,880.29,874.51,878.62,46667200,1565.29
2019-08-12,6.25,878.56,883.41,877.33,882.23,44745840,1565.29
2019-08-13,6.25,882.2,882.2,875.32,877.97,59070490,1565.29
2019-08-14,6.25,880.04,886.8,880.04,880.51,44297320,1565.29
2019-08-15,6.25,874.42,890.78,867.95,890.78,50395380,1565.29
2019-08-16,6.25,890.39,900.31,886.87,892.44,70252830,1565.29
2019-08-19,6.25,892.32,897.03,889.34,891.78,39311010,1565.29
2019-08-20,6.25,891.73,894.86,890.96,894.45,41244380,1565.29
2019-08-21,6.25,894.56,901.25,892.05,900.54,56164360,1565.29
2019-08-22,6.25,901.28,904.41,899.58,901.29,46933460,1565.29
2019-08-23,6.25,901.53,902.5,896.87,900.53,49584900,1565.29
2019-08-26,6.25,899.1,899.1,887.05,892.48,65313090,1565.29
2019-08-27,6.25,893.72,899.29,886.91,886.91,59291850,1565.29
2019-08-28,6.25,886.82,890.58,885.23,886.08,41622640,1565.29
2019-08-29,6.25,886.04,889.13,882.14,889.13,42613720,1565.29
2019-08-30,6.25,888.94,893.57,888.83,892.51,40839960,1565.29
2019-09-03,6.25,892.83,894.11,886.02,888.97,45768490,1565.29
2019-09-04,6.25,888.95,890.31,883.91,887.12,41234740,1565.29
2019-09-05,6.25,887.12,891.43,886.1,886.1,42074670,1565.29
2019-09-06,6.25,886.1,889.49,884.9,885.95,40543850,1565.29
2019-09-09,6.25,885.95,887.01,883.43,885.61,37164220,1565.29
2019-09-10,6.25,885.61,888.57,881.04,883.04,46274080,1565.29
2019-09-11,6.25,883.04,886.12,881.34,885.52,34851830,1565.29
2019-09-12,6.25,885.52,894.32,885.52,894.32,48192160,1565.29
2019-09-13,6.25,894.32,905.31,893.8,905.05,67622020,1565.29
2019-09-16,6.25,905,909.7,902.82,908.6,52499530,1565.29
2019-09-17,6.25,908.51,912.89,904.36,912.38,49773900,1565.29
2019-09-18,6.25,912.42,915.09,911.08,913.48,64916030,1565.29
2019-09-19,6.25,913.4,918.88,909.88,918.88,57544160,1565.29
2019-09-23,6.25,915.16,918.42,909.98,909.98,63685170,1565.29
2019-09-24,6.25,910,914.02,908.03,910.76,50415610,1565.29
2019-09-25,6.25,910.37,913.33,906.6,912.42,51189520,1565.29
2019-09-26,6.25,912.71,918.1,911.57,918.1,61815870,1565.29
2019-09-27,6.25,918.1,925.58,917.72,924.83,64121740,1565.29
2019-09-30,6.25,925.79,930.8,922.62,922.89,63284690,1565.29
2019-10-01,6.25,922.87,926.31,921.69,926.31,59813890,1565.29
2019-10-02,6.25,926.31,927.43,917.68,919.73,69144140,1565.29
2019-10-03,6.25,919.73,921.7,911.6,921.7,63663830,1565.29
2019-10-04,6.25,921.7,924.36,915.16,915.16,62008430,1565.29
2019-10-07,6.25,915.16,917.36,907.5,907.5,60836700,1565.29
2019-10-08,6.25,907.5,915.34,906.88,915.27,65243600,1565.29
2019-10-10,6.25,914.54,917.08,912.2,913.05,54842380,1565.29
2019-10-14,6.25,916.81,924.69,916.68,921.91,81662930,1565.29
2019-10-15,6.25,921.91,924.79,920.63,923.27,55003840,1565.29
2019-10-17,6.25,924.64,924.79,919.1,919.1,65013550,1565.29
2019-10-18,6.25,919.1,922.62,916.87,919.13,57605110,1565.29
2019-10-21,6.25,919.13,919.13,913.94,914,63505800,1565.29
2019-10-22,6.25,914,917.61,912.7,916.81,59083710,1565.29
2019-10-23,6.25,916.81,919.61,915.87,919.61,55202580,1565.29
2019-10-24,6.25,919.61,925.25,919.17,925.25,59252900,1565.29
2019-10-29,6.25,925.97,928.38,923.97,923.97,59000930,1565.29
2019-10-30,6.25,923.97,928.85,922.67,925.07,56666560,1565.29
2019-10-31,6.25,925.07,928.88,922.06,922.68,63154480,1565.29
2019-11-01,6.25,922.68,934.21,922.46,933.55,76837110,1565.29
2019-11-04,6.25,933.55,941.46,932.31,940.25,87334540,1565.29
2019-11-05,6.25,940.25,944.62,938.73,942.34,71492500,1565.29
2019-11-06,6.25,942.4,945.43,940.76,942.38,75016380,1565.29
2019-11-07,6.25,942.56,945.26,940.23,944.25,76226210,1565.29
2019-11-08,6.25,944.25,948.37,942.19,944.7,74207740,1565.29
2019-11-11,6.25,944.7,946.55,938.78,939.72,80097000,1565.29
2019-11-12,6.25,939.72,942.55,937.95,939.82,66245180,1565.29
2019-11-13,6.25,939.97,941.13,930.84,932.6,76758480,1565.29
2019-11-14,6.25,932.45,935.72,927.14,928.44,78620440,1565.29
2019-11-15,6.25,928.44,930.84,922.59,927.36,66130230,1565.29
2019-11-18,6.25,927.36,929.18,920.52,920.95,69835800,1565.29
2019-11-19,6.25,920.95,926.07,919.95,926.07,63691480,1565.29
2019-11-21,6.25,917,917.06,898.23,898.23,83040690,1565.29
2019-11-22,6.25,898.93,906.93,885.83,892.31,82099050,1565.29
2019-11-25,6.25,892.31,896.43,886.81,894.8,63815430,1565.29
2019-11-26,6.25,895.36,900.72,894.8,897.5,68546970,1565.29
2019-11-27,6.25,898.58,901.1,894.8,895.06,126974220,1565.29
2019-11-28,6.25,895.06,895.42,883.16,885.7,69367550,1565.29
2019-11-29,6.25,885.9,888.41,882.68,887.47,60328840,1565.29
2019-12-02,6,887.19,889.47,875.1,875.1,76462740,1400.96
2019-12-03,6,874.9,877.96,865.74,868.68,77467050,1400.96
2019-12-04,6,868.79,883.56,865.31,883.56,74534040,1400.96
2019-12-05,6,883.33,886.36,878.39,879.32,61676770,1400.96
2019-12-06,6,878.28,882.59,875.99,880.43,60752790,1400.96
2019-12-09,6,880.39,882.58,876.01,879.94,64151210,1400.96
2019-12-10,6,879.95,880.22,870.25,873.16,72499410,1400.96
2019-12-11,6,873.38,878.27,869.15,878.27,66716030,1400.96
2019-12-12,6,878.95,885.73,878.27,884.8,57447090,1400.96
2019-12-13,6,884.98,888.53,880.55,880.55,65816420,1400.96
2019-12-16,6,880.55,880.55,874.06,876.65,67010160,1400.96
2019-12-17,6,876.5,877.63,867.13,867.44,72408090,1400.96
2019-12-18,6,867.44,867.69,861.05,863.16,69570980,1400.96
2019-12-19,6,863.16,867.25,858.76,862.23,68010500,1400.96
2019-12-20,6,862.23,869.52,862.23,868.37,69391620,1400.96
2019-12-23,6,868.37,872.75,867.92,868.2,72189520,1400.96
2019-12-24,6,868.2,869.9,864.86,869.88,57924660,1400.96
2019-12-25,6,869.88,874.93,869.22,873.18,53692380,1400.96
2019-12-26,6,873.18,874.87,869.57,872.07,40379950,1400.96
2019-12-27,6,872.07,876.38,867.95,876.38,26809950,1400.96
2019-12-30,6,876.38,881.27,876.13,880.29,33522140,1400.96
2019-12-31,6,880.29,881.98,876.66,879.06,44433790,1400.96
2020-01-02,6,879.02,886.88,876.87,886.88,50389450,1400.96
2020-01-03,6,886.88,890.38,883.18,883.28,43220590,1400.96
2020-01-08,6,876.7,876.7,861.51,865.18,53101180,1400.96
2020-01-09,6,867.27,878.43,867.27,877.76,45705720,1400.96
2020-01-10,6,877.76,888.09,877.7,885.52,72856040,1400.96
2020-01-13,6,885.52,885.52,881.35,881.79,32553390,1400.96
2020-01-14,6,881.79,886.83,880.58,884.77,50679260,1400.96
2020-01-15,6,884.77,886.33,882.79,885.36,35671150,1400.96
2020-01-16,6,885.36,892.2,883.83,891.96,63476010,1400.96
2020-01-17,6,891.96,897.63,891.36,894.84,48879990,1400.96
2020-01-20,6,894.84,897.4,891.75,897.4,39722470,1400.96
2020-01-21,6,897.4,907.51,897.4,906.52,57331520,1400.96
2020-01-22,6,906.17,909.41,903.27,909.09,51710960,1400.96
2020-01-30,6,909.09,909.09,870.53,875.82,80136320,1400.96
2020-01-31,6,875.82,876.59,848.63,848.63,83267610,1400.96
2020-02-03,6,848.63,848.63,803.73,842.67,91769740,1400.96
2020-02-04,6,842.67,849.8,833.93,845.52,73132220,1400.96
2020-02-05,6,845.52,854.72,840.41,845.31,63586260,1400.96
2020-02-06,6,845.38,862.86,842.68,862.86,97615310,1400.96
2020-02-07,6,862.86,865.91,858.02,863.49,72831920,1400.96
2020-02-10,6,863.49,863.49,848.21,852.87,46861970,1400.96
2020-02-11,6,852.87,859.38,852.87,856.39,70070560,1400.96
2020-02-12,6,856.39,870.1,856.39,863.23,80775330,1400.96
2020-02-13,6,862.72,864.79,858.46,864.16,58430270,1400.96
2020-02-14,6,865.03,868.84,863.14,865.86,74645390,1400.96
2020-02-17,6,865.86,867.45,862.75,866.27,58437180,1400.96
2020-02-18,6,866.27,866.61,858.61,861.71,60234370,1400.96
2020-02-20,6,863.84,872.86,863.84,871.4,59013520,1400.96
2020-02-21,6,871.4,877.52,868.59,868.89,66759070,1400.96
2020-02-24,6,867.56,867.56,837.4,837.4,95170340,1400.96
2020-02-25,6,836.54,849.58,827.81,849.58,69289070,1400.96
2020-02-26,6,849.56,849.56,837.52,841.68,54642970,1400.96
2020-02-27,6,841.19,849.18,836.56,848.34,55423910,1400.96
2020-02-28,6,848.34,848.34,823.09,831.97,69885780,1400.96
2020-03-02,6,831.97,837.99,827.23,835.42,69305330,1400.96
2020-03-03,6,835.42,846.21,835.14,837.99,64175180,1400.96
2020-03-04,6,837.99,839.26,831.2,837.99,52991210,1400.96
2020-03-05,6,837.99,846.58,836.32,839.12,67022900,1400.96
2020-03-06,6,839.12,839.12,827.12,835.97,53908060,1400.96
2020-03-09,6,835.97,835.97,781.12,782.85,107131850,1400.96
2020-03-10,6,780.66,794.88,762.34,789.51,197194730,1400.96
2020-03-11,6,789.75,795.98,746.83,758.16,99250550,1400.96
2020-03-12,6,758.16,758.16,710.33,719.21,113236020,1400.96
2020-03-13,6,719.21,722.3,674.36,716.65,113472590,1400.96
2020-03-16,6,716.52,716.52,688.8,698.18,74029820,1400.96
2020-03-17,5,698.18,702.36,673.21,699.73,80439940,743.64
2020-03-18,5,699.73,705.3,695.42,700.65,77434820,743.64
2020-03-19,5,699.35,699.35,669.04,679.55,73193700,743.64
2020-03-20,5,679.55,683.55,668.9,673.7,81174090,743.64
2020-03-23,5,673.7,673.7,628.46,632.86,81061380,743.64
2020-03-24,5,632.86,633.97,619.07,625.43,85901840,743.64
2020-03-25,5,625.43,652.31,625.43,652.31,86267230,743.64
2020-03-26,5,652.31,655.06,639.02,646.7,74094650,743.64
2020-03-27,5,646.7,649.17,633.41,642.23,102644660,743.64
2020-03-30,5,641.92,642.23,605,613.02,81044380,743.64
2020-03-31,5,613.33,629.08,598.6,610.76,77472420,743.64
2020-04-01,5,610.76,631.6,606.03,628.79,73251500,743.64
2020-04-03,5,628.79,649.15,628.79,649.15,84127900,743.64
2020-04-06,5,649.15,682.65,649.15,682.65,127163130,743.64
2020-04-07,5,682.65,695.45,677.03,693.61,117080630,743.64
2020-04-08,5,693.66,693.66,675.26,691.17,76666570,743.64
2020-04-09,5,691.28,704.18,691.28,697.85,111266900,743.64
2020-04-10,5,697.85,701.77,687.18,695.74,146864700,743.64
2020-04-13,5,695.74,714.58,695.74,706.37,82299370,743.64
2020-04-14,5,706.37,713.81,699.03,713.81,94916160,743.64
2020-04-15,5,713.81,726.2,713.81,722.8,91992100,743.64
2020-04-16,5,721.73,726.71,714.52,726.57,72703140,743.64
2020-04-17,5,726.57,736.17,726.57,734.98,100568910,743.64
2020-04-20,5,736.1,742.27,729.52,736.31,99010230,743.64
2020-04-21,5,731.79,736.31,702.61,706.65,128951820,743.64
2020-04-22,5,706.54,718.62,692.03,714.42,86106800,743.64
2020-04-23,5,715.62,729.99,715.62,717.49,63426140,743.64
2020-04-24,5,717.49,725.52,711.14,725.05,64551610,743.64
2020-04-27,5,730.77,735.28,719.66,719.66,81802970,743.64
2020-04-28,5,719.45,721.73,711.84,715.74,64778960,743.64
2020-04-29,5,715.47,719.18,713.62,715.33,69755970,743.64
2020-05-04,5,714.9,716.05,706.47,709.35,65868010,743.64
2020-05-05,5,710.22,714.59,707.49,711.01,48703130,743.64
2020-05-06,5,711.34,725.94,709.77,725.94,77213190,743.64
2020-05-07,5,726.17,739.98,726.17,739.98,82601000,743.64
2020-05-08,5,740.14,773.22,740.14,760.15,146260040,743.64
2020-05-11,5,760.15,777.13,760.15,777.13,107514590,743.64
2020-05-12,4.5,777.35,783.77,766.7,782.45,104564430,414.98
2020-05-13,4.5,781.85,788.06,760.2,783.69,122448880,414.98
2020-05-14,4.5,783.69,785.1,773.62,780.73,86237430,414.98
2020-05-15,4.5,780.73,785.26,771.25,773.95,80443320,414.98
2020-05-18,4.5,774.07,787.27,770.61,787.27,81990780,414.98
2020-05-19,4.5,787.53,808.17,787.53,799.31,119339160,414.98
2020-05-20,4.5,799.28,803.35,793.75,803.32,97443060,414.98
2020-05-21,4.5,803.57,815.55,802.49,815.55,134973200,414.98
2020-05-22,4.5,815.51,815.51,802.82,803.14,95158480,414.98
2020-05-25,4.5,803.35,809.12,799.23,807.25,81739940,414.98
2020-05-26,4.5,807.55,815.96,807.55,815.01,101929820,414.98
2020-05-27,4.5,816.04,821.36,801.36,801.36,119115010,414.98
2020-05-28,4.5,801.36,810.43,800.16,804.06,91471520,414.98
2020-05-29,4.5,804,808.83,801.46,806.23,76808710,414.98
2020-06-01,4.5,806.23,821.47,806.23,821.47,176781350,414.98
2020-06-02,4.5,821.89,827.11,818.12,818.7,147384620,414.98
2020-06-03,4.5,819.02,824.54,818.33,824.29,89255290,414.98
2020-06-04,4.5,824.29,831.49,823.51,823.77,135464800,414.98
2020-06-05,4.5,823.77,826.47,818.33,826.47,147686540,414.98
2020-06-08,4.5,826.79,845.63,826.79,838.52,155914950,414.98
2020-06-09,4.5,838.52,843.58,836.13,837.02,152484730,414.98
2020-06-10,4.5,836.8,842.21,827.6,839.11,164035740,414.98
2020-06-11,4.5,839.69,842.76,806.64,806.87,191851870,414.98
2020-06-12,4.5,803.11,807.76,782.7,807.76,183055290,414.98
2020-06-15,4.5,808.58,813.59,778.71,778.71,141902860,414.98
2020-06-16,4.5,779.8,801.42,778.71,798.82,84854820,414.98
2020-06-17,4.5,798.82,802.06,793.2,796.43,76200410,414.98
2020-06-18,4.5,796.43,800.03,788.72,797.08,58891460,414.98
2020-06-19,4.5,797.21,808.28,797.03,808.28,81044560,414.98
2020-06-22,4.5,808.28,812.99,805.24,809.97,68483440,414.98
2020-06-23,4.5,809.53,812.24,803.96,807.61,95807000,414.98
2020-06-24,4.5,807.61,813.47,799.35,801.62,74689590,414.98
2020-06-25,4.5,801.29,801.29,791.38,796.51,149238780,414.98
2020-06-26,4.5,796.7,803.88,793.08,795.53,53642210,414.98
2020-06-29,4.5,795.06,795.53,768.99,774.81,97111120,414.98
2020-06-30,4.5,775.45,784.44,765.62,770.53,74258230,414.98
2020-07-01,4.5,770.23,787.38,770.02,786.82,56962280,414.98
2020-07-02,4.5,787.13,788.88,781.45,785.59,54056700,414.98
2020-07-03,4.5,785.81,790.3,785.81,789.87,97359710,414.98
2020-07-06,4.5,789.87,803.76,789.87,803.46,74204520,414.98
2020-07-07,4.5,803.61,812.48,803.61,805.68,87361600,414.98
2020-07-08,4.5,805.67,807.09,801.57,805.06,52132960,414.98
2020-07-09,4.5,805.12,819.45,805.12,817.08,81034330,414.98
2020-07-10,4.5,817.08,817.67,806.67,809.02,71215730,414.98
2020-07-13,4.5,809.03,814.35,802.5,806.17,65612220,414.98
2020-07-14,4.5,805.21,805.92,798.21,805.37,60124200,414.98
2020-07-15,4.5,805.37,815.09,805.37,810.16,53466480,414.98
2020-07-16,4.5,811.24,819.83,809.41,819.83,64520530,414.98
2020-07-17,4.5,819.27,819.27,812.61,814.16,65439170,414.98
2020-07-20,4.5,814.16,814.16,803.36,803.36,69313020,414.98
2020-07-21,4.5,803.55,806.34,799.98,804.7,62634380,414.98
2020-07-22,4.5,804.26,806.93,797.82,797.85,65223560,414.98
2020-07-23,4.5,797.94,800.29,794.59,800.29,138841140,414.98
2020-07-24,4.5,798.89,798.89,760.56,772.29,142231570,414.98
2020-07-27,4.5,767.3,767.3,726.02,729.93,127324950,414.98
2020-07-28,4.5,730.55,757.5,730.55,756.17,106762410,414.98
2020-07-29,4.5,755.14,755.14,722.85,735.16,95374560,414.98
2020-07-30,4.5,735.3,746.74,735.3,746.02,51151920,414.98
2020-07-31,4.5,745.33,747.56,731.14,740.73,58079130,414.98
2020-08-03,4.5,740.33,758.3,738.64,757.86,75712850,414.98
2020-08-04,4.5,759.19,768.46,759.19,768.22,62080110,414.98
2020-08-05,4.5,767.54,782.09,761.26,780.71,84975870,414.98
2020-08-06,4.5,780.69,787.27,776.04,781.6,64066590,414.98
2020-08-07,4.5,781.61,785.99,778.45,782.15,68194780,414.98
2020-08-10,4.5,782.15,791.67,782.15,784.3,79376100,414.98
2020-08-11,4.5,784.74,788.92,781.04,784.57,60223460,414.98
2020-08-12,4.5,784.58,790.01,784.23,788.42,71949730,414.98
2020-08-13,4.5,789.26,795.69,789.26,795.09,62104890,414.98
2020-08-14,4.5,795.09,801.61,789.12,791.98,85640670,414.98
2020-08-17,4.5,791.98,793.61,782.52,791.54,57165820,414.98
2020-08-18,4.5,791.6,792.13,784.93,786.95,41657400,414.98
2020-08-19,4.5,787.23,791.85,786.01,789.41,51465360,414.98
2020-08-20,4.5,789.49,793.35,783.57,786.11,65866250,414.98
2020-08-21,4.5,786.11,795.05,786.11,793.6,78118940,414.98
2020-08-24,4.5,793.46,810.17,793.46,809.69,102484240,414.98
2020-08-25,4.5,809.34,818.94,809.34,815.18,209685970,414.98
2020-08-26,4.5,815.18,816.68,811.45,812.36,89049860,414.98
2020-08-27,4.5,812.47,814.64,810.68,814.55,72352280,414.98
2020-08-28,4.5,814.55,828.88,814.55,821.93,102827430,414.98
2020-08-31,4.5,822.01,831.76,820.66,823.93,82419120,414.98
2020-09-01,4.5,823.93,832.87,821.74,832.03,78823790,414.98
2020-09-03,4.5,832.27,844.27,832.27,843.64,104709690,414.98
2020-09-04,4.5,843.64,843.64,833.54,840.54,103338380,414.98
2020-09-07,4.5,840.64,843.8,824.36,824.36,98247460,414.98
2020-09-08,4.5,824.36,829.22,819.02,827.57,81334060,414.98
2020-09-09,4.5,827.5,828.38,816.51,824.42,82985570,414.98
2020-09-10,4.5,825.15,832.61,825.15,825.85,67659910,414.98
2020-09-11,4.5,825.85,827.83,821.97,825.56,64103290,414.98
2020-09-14,4.5,825.56,833.09,825.56,832.24,65500510,414.98
2020-09-15,4.5,832.27,835.42,831.13,833.33,87508060,414.98
2020-09-16,4.5,833.33,834.52,831.33,834.5,54112550,414.98
2020-09-17,4.5,834.6,837.76,829.08,831.84,96606620,414.98
2020-09-18,4.5,832.46,842.1,832.46,841.26,94168740,414.98
2020-09-21,4.5,841.28,852.65,841.28,851.54,106118340,414.98
2020-09-22,4.5,851.54,854.69,846.03,852.72,130393430,414.98
2020-09-23,4.5,852.72,860.34,852.72,858.3,111915820,414.98
2020-09-24,4.5,858.14,858.89,852.29,853.21,90213290,414.98
2020-09-25,4.5,853.19,856.79,850.1,854.71,105360670,414.98
2020-09-28,4.5,854.71,863.98,854.71,863.31,134681820,414.98
2020-09-29,4.5,863.59,871.99,856.2,856.2,135082450,414.98
2020-09-30,4.5,856.07,860.1,852.54,858.54,104923280,414.98
2020-10-01,4.5,859.27,868.3,859.27,867.58,106515880,414.98
2020-10-02,4.5,867.93,870.8,850.61,861.51,164531140,414.98
2020-10-05,4.5,861.65,869.09,861.65,867.7,115090400,414.98
2020-10-06,4.5,867.74,872.39,866.12,871.37,148279580,414.98
2020-10-07,4.5,870.98,876.31,867.06,870.85,157151510,414.98
2020-10-08,4.5,870.88,873.13,864.55,869.82,139809540,414.98
2020-10-09,4.5,869.8,875.52,868.36,874.53,115723800,414.98
2020-10-12,4.5,874.72,882.84,871.58,874.9,130255360,414.98
2020-10-13,4.5,874.58,879.25,872.36,878.35,103915810,414.98
2020-10-14,4.5,878.94,892.25,878.94,892.15,176566350,414.98
2020-10-15,4.5,896.5,901.71,893.94,899.2,167589220,414.98
2020-10-16,4.5,899.58,906.17,892.7,901.59,157348820,414.98
2020-10-19,4.5,899.61,906.16,899.61,903.51,142169620,414.98
2020-10-20,4.5,903.57,909.49,899.42,909.49,179990420,414.98
2020-10-21,4.5,910.63,918.14,905.08,906.1,152206540,414.98
2020-10-22,4.5,906.1,918.3,901.96,918.3,133646710,414.98
2020-10-23,4.5,918.84,930.59,918.84,930.3,163038710,414.98
2020-10-26,4.5,929.5,942.72,919.56,919.56,167434310,414.98
2020-10-27,4.5,919.56,926.52,914.72,915.46,189908440,414.98
2020-10-28,4.5,913.37,916,888.88,888.88,366878160,414.98
2020-10-29,4.5,888.88,894.19,879.74,886.68,151632600,414.98
2020-10-30,4.5,887.34,893.42,875.84,892.55,130033580,414.98
2020-11-02,4.5,892.68,900.03,889.83,899.27,83556370,414.98
2020-11-03,4.5,899.27,904.78,897.3,902.14,110878290,414.98
2020-11-04,4.5,902.14,910.59,900.74,905.48,112218650,414.98
2020-11-05,4.5,905.48,913.2,903.64,903.64,97631160,414.98
2020-11-06,4.5,903.68,907.67,899.51,902.91,79120200,414.98
2020-11-09,4.5,902.91,917.42,902.91,917.42,108928030,414.98
2020-11-10,4.5,917.45,929.66,916.5,916.5,137867540,414.98
2020-11-11,4.5,916.98,919.95,910.39,916.68,114386310,414.98
2020-11-12,4.5,916.68,923,916.21,923,85346880,414.98
2020-11-13,4.5,923,931.2,923,931.2,122988700,414.98
2020-11-16,4.5,931.4,939.1,915.23,915.97,173012830,414.98
2020-11-17,4.5,916.25,934.65,916.25,934.65,129177640,414.98
2020-11-18,4.5,935.24,939.62,931.18,937.67,153573720,414.98
2020-11-19,4.5,937.67,945.06,936.32,944.92,166086320,414.98
2020-11-20,4.5,944.92,950.89,942.28,950.89,125700510,414.98
2020-11-23,4.5,950.89,961.35,946.14,960.03,164653110,414.98
2020-11-24,4.5,960.03,964.53,948.67,960.03,184868340,414.98
2020-11-25,4.5,959.61,963.81,957.09,960.63,175122450,414.98
2020-11-26,4.5,960.63,964.16,953.46,964.16,156138260,414.98
2020-11-27,4.5,964.16,971.11,963.69,971.11,142656350,414.98
2020-11-30,4.5,971.11,975.46,965.89,965.89,168722120,414.98
2020-12-01,4.5,965.89,976.44,951.92,976.35,382130380,414.98
2020-12-02,4.5,976.35,981.28,973.58,979.95,187854660,414.98
2020-12-03,4.5,979.95,986.4,978.16,985.44,371372500,414.98
2020-12-04,4.5,985.44,988.68,983.03,984.34,182020670,414.98
2020-12-07,4.5,984.34,992.59,984.07,992.01,148301050,414.98
2020-12-08,4.5,992.01,996.64,988.71,993.61,153446320,414.98
2020-12-09,4.5,993.61,1004.61,993.61,1004.03,180899680,414.98
2020-12-10,4.5,1004.03,1008.6,994.28,994.28,173563520,414.98
2020-12-11,4.5,994.28,1008.65,994.28,1008.65,301227250,414.98
2020-12-14,4.5,1008.65,1024.28,1008.65,1024.28,160378000,414.98
2020-12-15,4.5,1024.28,1025.34,1009.8,1013.02,173336680,414.98
2020-12-16,4.5,1013.02,1029.72,1013.02,1029.72,178525030,414.98
2020-12-17,4.5,1029.72,1029.72,1015.86,1016.95,405163660,414.98
2020-12-18,4.5,1016.95,1037.98,1016.95,1036.65,183606010,414.98
2020-12-21,4.5,1036.65,1052.85,1036.65,1049.71,187655270,414.98
2020-12-22,4.5,1049.71,1053.81,1043.8,1052.23,392272760,414.98
2020-12-23,4.5,1052.23,1058.91,1043.88,1045.7,203334040,414.98
2020-12-24,4.5,1045.7,1051.56,1013.9,1033.95,212709620,414.98
2020-12-25,4.5,1033.95,1052.16,1026.05,1052.13,161859380,414.98
2020-12-28,4.5,1052.13,1063.09,1047.45,1054.23,190250810,414.98
2020-12-29,4.5,1054.23,1062.61,1050.05,1058.39,153419410,414.98
2020-12-30,4.5,1058.39,1069.5,1055.25,1059.16,173017710,414.98
2020-12-31,4.5,1059.16,1074.02,1058.9,1070.77,13603031,414.98
2021-01-04,4.5,1070.77,1097.61,1070.77,1091.87,23373010,414.98
2021-01-05,4.5,1091.87,1104.78,1086.07,1104.3,19164110,414.98
2021-01-06,4.5,1104.3,1125.63,1104.3,1113.72,22522650,414.98
2021-01-07,4.5,1113.72,1130.59,1113.72,1130.59,21540140,414.98
2021-01-08,4.5,1130.59,1156.38,1130.59,1147.86,220086200,414.98
2021-01-11,4.5,1147.86,1165.99,1147.86,1163.4,222792000,414.98
2021-01-12,4.5,1163.4,1169.27,1155.9,1169.03,202517400,414.98
2021-01-13,4.5,1169.03,1178.44,1161.87,1164.57,187356100,414.98
2021-01-14,4.5,1164.57,1169.97,1156.58,1168.99,416972100,414.98
2021-01-15,4.5,1168.99,1185.46,1168.99,1182.2,211717400,414.98
2021-01-18,4.5,1182.2,1188.53,1171.96,1173.34,199288900,414.98
2021-01-19,4.5,1173.34,1173.61,1098.47,1107.32,324705300,414.98
2021-01-20,4.5,1107.32,1121.97,1073.13,1116.21,262600200,414.98
2021-01-21,4.5,1116.21,1152.9,1114.26,1151.3,204600400,414.98
2021-01-22,4.5,1151.3,1164.45,1147.88,1156.58,210394400,414.98
2021-01-25,4.5,1156.58,1164.7,1149.26,1154.29,198478400,414.98
2021-01-26,4.5,1154.29,1155.32,1107.54,1125.09,236714100,414.98
2021-01-27,4.5,1125.09,1125.25,1073.74,1083.63,241013700,414.98
2021-01-28,4.5,1083.63,1083.63,1008.53,1010.75,282129400,414.98
2021-01-29,4.5,1010.75,1070.05,978.85,1048.31,242653600,414.98
2021-02-01,4.5,1048.31,1068.93,1029.21,1029.86,175342500,414.98
2021-02-02,4.5,1029.86,1079.87,1025.18,1079.7,162837100,414.98
2021-02-03,4.5,1079.7,1122.04,1079.7,1117.98,204897000,414.98
2021-02-04,4.5,1117.98,1126.64,1103.11,1117.74,155634900,414.98
2021-02-05,4.5,1117.74,1135.5,1117.74,1135.5,139783900,414.98
2021-02-08,4.5,1135.5,1136.38,1077.4,1092.59,228472200,414.98
2021-02-09,4.5,1092.59,1129.49,1089.85,1129.49,17319220,414.98
2021-02-17,4.5,1129.49,1174.91,1129.49,1174.91,174115900,414.98
2021-02-18,4.5,1174.91,1187.94,1162.48,1187.94,183246200,414.98
2021-02-19,4.5,1187.94,1188.61,1168.18,1180.59,166179400,414.98
2021-02-22,4.5,1180.59,1190.48,1172.71,1180.55,175256400,414.98
2021-02-23,4.5,1180.55,1191.74,1174.18,1182.47,195049200,414.98
2021-02-24,4.5,1182.47,1192.04,1161.13,1167.18,178724400,414.98
2021-02-25,4.5,1167.18,1175.19,1158.06,1169.82,158378900,414.98
2021-02-26,4.5,1169.82,1175.4,1153.41,1173.6,178992100,414.98
2021-03-01,4.5,1173.6,1192.85,1173.6,1191.83,191028700,414.98
2021-03-02,4.5,1191.83,1203.84,1188.01,1194.71,169421200,414.98
2021-03-03,4.5,1194.71,1198.36,1189.14,1195.6,154440900,414.98
2021-03-04,4.5,1195.6,1200.42,1164.76,1174.29,183128200,414.98
2021-03-05,4.5,1174.29,1174.8,1157.45,1173.83,205207500,414.98
2021-03-08,4.5,1173.83,1186.29,1164.78,1170,164933700,414.98
2021-03-09,4.5,1170,1170,1150.18,1163,159976000,414.98
2021-03-10,4.5,1163,1173.58,1154.29,1172.26,156010800,414.98
2021-03-11,4.5,1172.26,1190.47,1172.26,1188.71,167311800,414.98
2021-03-12,4.5,1188.71,1193.97,1184.64,1187.81,147251900,414.98
2021-03-15,4.5,1187.81,1194.29,1184.32,1190.86,149674500,414.98
2021-03-16,4.5,1190.86,1192.15,1177.05,1187.84,163858900,414.98
2021-03-17,4.5,1187.84,1193.45,1183.83,1193.45,193596700,414.98
2021-03-18,4.5,1193.71,1211.54,1193.45,1211.54,155167300,414.98
2021-03-19,4.5,1211.54,1211.54,1201.17,1203.36,171417400,414.98
2021-03-22,4.5,1203.36,1207.28,1194.79,1198.54,161297800,414.98
2021-03-23,4.5,1198.54,1198.54,1182.22,1186.98,155689000,414.98
2021-03-24,4.5,1186.98,1186.98,1157.69,1165.61,190246400,414.98
2021-03-25,4.5,1165.61,1175.86,1159.25,1164.64,165895200,414.98
2021-03-26,4.5,1164.64,1170.75,1143.08,1167.19,172710300,414.98
2021-03-29,4.5,1167.19,1182.06,1167.19,1180.07,145667400,414.98
2021-03-30,4.5,1180.07,1192.9,1175.9,1190.86,217511900,414.98
2021-03-31,4.5,1190.86,1203.18,1189.47,1196.24,171904000,414.98
2021-04-01,4.5,1196.24,1227.56,1196.24,1226.16,222239500,414.98
2021-04-02,4.5,1226.16,1243.67,1226.16,1238.03,199249300,414.98
2021-04-05,4.5,1238.03,1256.12,1238.03,1249.9,219162300,414.98
2021-04-06,4.5,1249.9,1260.35,1245.16,1255.36,222982600,414.98
2021-04-07,4.5,1255.36,1257.77,1248.15,1257.77,213314200,414.98
2021-04-08,4.5,1257.77,1263.03,1249.45,1251.81,161341700,414.98
2021-04-09,4.5,1251.81,1256.06,1245.26,1253.26,173791500,414.98
2021-04-12,4.5,1253.26,1279.52,1253.26,1278.19,267960600,414.98
2021-04-13,4.5,1278.19,1298.78,1276.74,1277.35,255773400,414.98
2021-04-14,4.5,1277.35,1290.77,1263.89,1290.77,207521100,414.98
2021-04-15,4.5,1290.77,1300.84,1283.98,1284.2,236678100,414.98
2021-04-16,4.5,1284.2,1291.37,1262.52,1276.87,247667200,414.98
2021-04-19,4.5,1276.87,1306.22,1271.52,1306.22,210596900,414.98
2021-04-20,4.5,1306.22,1331.56,1303.68,1312.68,244920500,414.98
2021-04-22,4.5,1312.68,1317.5,1271.53,1271.53,232535000,414.98
2021-04-23,4.5,1271.53,1301.39,1262.89,1301.39,245629900,414.98
2021-04-26,4.5,1301.39,1305.73,1269.78,1275.04,216946500,414.98
2021-04-27,4.5,1275.04,1283.95,1264.57,1283.81,171780800,414.98
2021-04-28,4.5,1283.81,1296.48,1280.54,1294.06,206895500,414.98
2021-04-29,4.5,1294.06,1312.62,1294.06,1312.28,242336900,414.98
2021-05-04,4,1312.28,1329.18,1285.9,1328.03,274202700,86.32
2021-05-05,4,1328.03,1360.76,1328.03,1346.89,274663200,86.32
2021-05-06,4,1346.89,1352.57,1337.28,1344.64,226859700,86.32
2021-05-07,4,1344.64,1347.8,1329.51,1340.73,291435700,86.32
2021-05-10,4,1340.73,1371.51,1335.39,1370.66,302727000,86.32
2021-05-11,4,1370.66,1382.06,1359.19,1359.19,262049600,86.32
2021-05-12,4,1359.19,1380.23,1350.8,1380.17,264230000,86.32
2021-05-13,4,1380.17,1385.72,1370.18,1370.18,271897300,86.32
2021-05-14,4,1370.18,1386.09,1370.14,1380.02,251133900,86.32
2021-05-17,4,1380.02,1391.89,1371.22,1371.36,254610700,86.32
2021-05-18,4,1371.36,1381.36,1367.85,1378.59,252829000,86.32
2021-05-19,4,1378.59,1402.45,1378.43,1401.71,279667100,86.32
2021-05-20,4,1401.71,1424.92,1396.23,1424.92,270201500,86.32
2021-05-21,4,1424.92,1433.01,1412.78,1425.04,267790400,86.32
2021-05-24,4,1425.04,1433.59,1421.17,1430.48,256209400,86.32
2021-05-25,4,1430.48,1445.6,1427.56,1444.01,209778800,86.32
2021-05-26,4,1444.01,1456.55,1440.6,1455.11,233969200,86.32
2021-05-27,4,1455.11,1457.46,1433.76,1437.38,264785900,86.32
2021-05-28,4,1437.38,1460.68,1433.55,1458.78,300175000,86.32
2021-05-31,4,1458.78,1475.09,1449.66,1474.78,293022200,86.32
2021-06-01,4,1474.78,1496.55,1473.28,1482.92,255910200,86.32
2021-06-02,4,1482.92,1488.93,1469.49,1478.85,277182000,86.32
2021-06-03,4,1478.85,1506.27,1478.85,1504.37,318348000,86.32
2021-06-04,4,1504.37,1509.38,1496.36,1508.35,336486800,86.32
2021-06-07,4,1508.35,1508.65,1472.1,1484.1,309807000,86.32
2021-06-08,4,1484.1,1493.36,1436.72,1438.97,328466400,86.32
2021-06-09,4,1438.97,1465.93,1426.04,1457.76,279949900,86.32
2021-06-10,4,1457.76,1464.4,1443.74,1451.18,253444200,86.32
2021-06-11,4,1451.18,1489.95,1448.46,1487.61,264960500,86.32
2021-06-14,4,1487.61,1504.32,1483.82,1495.51,249571500,86.32
2021-06-15,4,1495.51,1498.75,1481.03,1487.04,239018700,86.32
2021-06-16,4,1487.04,1487.68,1462.99,1465.58,241627222,86.32
2021-06-17,4,1465.58,1468.87,1452.53,1461.91,211574000,86.32
2021-06-18,4,1461.91,1484.89,1461.91,1481.3,198662900,86.32
2021-06-21,4,1481.3,1486.12,1473.11,1478.29,205148100,86.32
2021-06-22,4,1478.29,1498.12,1478.29,1489.24,211641600,86.32
2021-06-23,4,1489.24,1502.79,1485.13,1489.53,197836400,86.32
2021-06-24,4,1489.53,1497.92,1482.38,1486.96,175257700,86.32
2021-06-25,4,1486.96,1500.94,1480.64,1500.3,180213400,86.32
2021-06-28,4,1500.3,1523.58,1500.3,1521.41,215306300,86.32
2021-06-29,4,1521.41,1536.96,1521.41,1529.97,203545700,86.32
2021-06-30,4,1529.97,1540.9,1528.1,1529,192676300,86.32
2021-07-01,4,1529.09,1545.14,1525.24,1545.14,253521100,86.32
2021-07-02,4,1545.14,1558.45,1545.14,1554.59,242776200,86.32
2021-07-05,4,1559.94,1560.44,1533.18,1557.41,309397900,86.32
2021-07-06,4,1557.92,1565.29,1488.42,1488.42,298837000,86.32
2021-07-07,4,1501.44,1538.77,1472.81,1538.77,306583400,86.32
2021-07-08,4,1530.4,1536.51,1509.9,1521.21,218880200,86.32
2021-07-09,4,1510,1526.35,1480.6,1494.43,287668400,86.32
